{"cameraMode":{"drawMode":0,"name":"Shaded","section":"Shading Mode"},"sceneLighting":false,"audioPlay":false,"sceneViewState":{"showFog":true,"showMaterialUpdate":true,"showSkybox":true,"showFlares":true,"showImageEffects":true,"showParticleSystems":true},"in2DMode":false,"pivot":{"x":1.4075851440429688,"y":0.1743549406528473,"z":4.817514419555664},"rotation":{"x":0.2687717080116272,"y":-0.5877020359039307,"z":0.21579328179359437,"w":0.731984555721283},"size":6.915770053863525,"orthographic":false}