{"cameraMode":{"drawMode":0,"name":"Shaded","section":"Shading Mode"},"sceneLighting":true,"audioPlay":false,"sceneViewState":{"showFog":true,"showMaterialUpdate":true,"showSkybox":true,"showFlares":true,"showImageEffects":true,"showParticleSystems":true},"in2DMode":false,"pivot":{"x":119.77276611328125,"y":-135.20016479492188,"z":291.7501220703125},"rotation":{"x":-0.31352224946022036,"y":-0.0019820737652480604,"z":0.0006674253381788731,"w":-0.9495934844017029},"size":933.5099487304688,"orthographic":false}