{"cameraMode":{"drawMode":0,"name":"Shaded","section":"Shading Mode"},"sceneLighting":false,"audioPlay":false,"sceneViewState":{"showFog":true,"showMaterialUpdate":true,"showSkybox":true,"showFlares":true,"showImageEffects":true,"showParticleSystems":true},"in2DMode":false,"pivot":{"x":0.1228410005569458,"y":0.8098733425140381,"z":-0.04319655895233154},"rotation":{"x":0.252256840467453,"y":-0.7296562194824219,"z":0.34467804431915285,"w":0.5340085625648499},"size":5.257884502410889,"orthographic":false}